{
    "Entities": [
        {
            "Entity": "",
            "NameComponent": "HappyFace",
            "Transform3DComponent": {
                "Position": {
                    "x": 667.0,
                    "y": 447.9999694824219,
                    "z": 0.0
                },
                "Rotation": {
                    "x": -0.0,
                    "y": 0.0,
                    "z": 0.5000000596046448,
                    "w": -0.8660253882408142
                },
                "Scale": {
                    "x": 203.4195556640625,
                    "y": 203.4195556640625,
                    "z": 4.419997215270996
                }
            },
            "SpriteComponent": {
                "Enabled": true,
                "Color": {
                    "x": 0.8980392217636108,
                    "y": 0.3607843220233917,
                    "z": 0.0,
                    "w": 1.0
                }
            }
        },
        {
            "Entity": "",
            "NameComponent": "CameraEntity",
            "Transform3DComponent": {
                "Position": {
                    "x": 0.0,
                    "y": 0.0,
                    "z": -4.0
                },
                "Rotation": {
                    "x": 0.0,
                    "y": 0.0,
                    "z": 0.0,
                    "w": 1.0
                },
                "Scale": {
                    "x": 1.0,
                    "y": 1.0,
                    "z": 1.0
                }
            },
            "SceneCameraComponent": {
                "MainCamera": true,
                "CameraType": 1,
                "NearPlane": -1.0,
                "FarPlane": 10000.0,
                "PerspFOV": 70.0,
                "PerspAspectRatio": 0.75,
                "OrthoWidth": 1600.0,
                "OrthoHeight": 900.0
            }
        }
    ]
}