{
    "Entities": [
        {
            "Entity": "",
            "NameComponent": "HappyFace",
            "Transform3DComponent": {
                "Position": {
                    "x": 1060.62109375,
                    "y": 271.73834228515625,
                    "z": 0.0
                },
                "Rotation": {
                    "x": 0.0,
                    "y": -0.0,
                    "z": -0.9396926760673523,
                    "w": -0.3420199751853943
                },
                "Scale": {
                    "x": 203.1595001220703,
                    "y": 203.1595001220703,
                    "z": 4.159997463226318
                }
            },
            "SpriteComponent": {
                "Enabled": true,
                "Color": {
                    "x": 0.8980392217636108,
                    "y": 0.3607843220233917,
                    "z": 0.0,
                    "w": 1.0
                }
            }
        },
        {
            "Entity": "",
            "NameComponent": "CameraEntity",
            "Transform3DComponent": {
                "Position": {
                    "x": 268.11669921875,
                    "y": -116.26161193847656,
                    "z": 0.0
                },
                "Rotation": {
                    "x": 0.0,
                    "y": 0.0,
                    "z": 0.0,
                    "w": 1.0
                },
                "Scale": {
                    "x": 1.0,
                    "y": 1.0,
                    "z": 1.0
                }
            },
            "SceneCameraComponent": {
                "MainCamera": true,
                "CameraType": 1,
                "NearPlane": -1.0,
                "FarPlane": 10000.0,
                "PerspFOV": 70.0,
                "PerspAspectRatio": 0.75,
                "OrthoWidth": 1599.0,
                "OrthoHeight": 900.0
            }
        }
    ]
}