{
    "Entities": [
        {
            "Entity": "",
            "NameComponent": "HappyFace",
            "Transform3DComponent": {
                "Position": {
                    "x": 707.0,
                    "y": 446.9999694824219,
                    "z": 0.0
                },
                "Rotation": {
                    "x": 0.0,
                    "y": 0.0,
                    "z": -0.2588190734386444,
                    "w": -0.9659258127212524
                },
                "Scale": {
                    "x": 206.28016662597656,
                    "y": 206.28016662597656,
                    "z": 7.279994487762451
                }
            },
            "SpriteComponent": {
                "Enabled": true,
                "Color": {
                    "x": 0.8980392217636108,
                    "y": 0.24313725531101227,
                    "z": 0.0,
                    "w": 1.0
                }
            }
        },
        {
            "Entity": "",
            "NameComponent": "CameraEntity",
            "Transform3DComponent": {
                "Position": {
                    "x": -1.0,
                    "y": 0.0,
                    "z": 0.0
                },
                "Rotation": {
                    "x": 0.0,
                    "y": 0.0,
                    "z": 0.0,
                    "w": 1.0
                },
                "Scale": {
                    "x": 1.0,
                    "y": 1.0,
                    "z": 1.0
                }
            },
            "SceneCameraComponent": {
                "MainCamera": true,
                "CameraType": 1,
                "NearPlane": 1000.0,
                "FarPlane": -1000.0,
                "PerspFOV": 0.8726646304130554,
                "PerspAspectRatio": -107374176.0,
                "OrthoWidth": 1600.0,
                "OrthoHeight": 900.0
            }
        }
    ]
}