{
    "Entities": [
        {
            "GUID": 11029932572368394952,
            "NameComponent": "HappyFace",
            "Transform3DComponent": {
                "Position": {
                    "x": 247.9504852294922,
                    "y": -100.8073501586914,
                    "z": 0.0
                },
                "Rotation": {
                    "x": -0.0,
                    "y": 0.0,
                    "z": 0.8191530704498291,
                    "w": -0.573574960231781
                },
                "Scale": {
                    "x": 203.39950561523438,
                    "y": 203.39950561523438,
                    "z": 4.399997234344482
                }
            },
            "SpriteComponent": {
                "Texture": 0,
                "Enabled": true,
                "Color": {
                    "x": 0.7696078419685364,
                    "y": 0.44911912083625793,
                    "z": 0.23390042781829834,
                    "w": 1.0
                }
            },
            "EntityHierarchyComponent": {
                "Parent": 0
            }
        },
        {
            "GUID": 5197592567221075431,
            "NameComponent": "CameraEntity",
            "Transform3DComponent": {
                "Position": {
                    "x": 242.7487335205078,
                    "y": -104.17485046386719,
                    "z": 0.0
                },
                "Rotation": {
                    "x": 0.0,
                    "y": 0.0,
                    "z": 0.0,
                    "w": 1.0
                },
                "Scale": {
                    "x": 1.0,
                    "y": 1.0,
                    "z": 1.0
                }
            },
            "SceneCameraComponent": {
                "MainCamera": true,
                "Enabled": true,
                "CameraType": 1,
                "NearPlane": -1.0,
                "FarPlane": 10000.0,
                "PerspFOV": 70.0,
                "PerspAspectRatio": 0.75,
                "OrthoSize": 0.75,
                "OrthoWidth": 1599.0,
                "OrthoHeight": 900.0
            },
            "EntityHierarchyComponent": {
                "Parent": 0
            }
        }
    ]
}