{
    "Entities": [
        {
            "Entity": "",
            "NameComponent": "CameraEntity",
            "Transform3DComponent": {
                "Position": {
                    "x": 242.7487335205078,
                    "y": -104.17485046386719,
                    "z": 0.0
                },
                "Rotation": {
                    "x": 0.0,
                    "y": 0.0,
                    "z": 0.0,
                    "w": 1.0
                },
                "Scale": {
                    "x": 1.0,
                    "y": 1.0,
                    "z": 1.0
                }
            },
            "SceneCameraComponent": {
                "MainCamera": true,
                "CameraType": 1,
                "NearPlane": -1.0,
                "FarPlane": 10000.0,
                "PerspFOV": 70.0,
                "PerspAspectRatio": 0.75,
                "OrthoWidth": 1599.0,
                "OrthoHeight": 900.0
            }
        },
        {
            "Entity": "",
            "NameComponent": "HappyFace",
            "Transform3DComponent": {
                "Position": {
                    "x": 1017.2643432617188,
                    "y": 345.82513427734375,
                    "z": 0.0
                },
                "Rotation": {
                    "x": -0.0,
                    "y": 0.0,
                    "z": 0.8191530704498291,
                    "w": -0.573574960231781
                },
                "Scale": {
                    "x": 203.1595001220703,
                    "y": 203.1595001220703,
                    "z": 4.159997463226318
                }
            },
            "SpriteComponent": {
                "Enabled": true,
                "Color": {
                    "x": 0.8980392217636108,
                    "y": 0.3607843220233917,
                    "z": 0.0,
                    "w": 1.0
                }
            }
        }
    ]
}